task_number,task_score,restarted_mid_task
1,26.4951992303,0
2,14.1984286308,1
1,25.1332620286,0
2,11.1597104073,1
1,10.4924110765,0
2,8.0541660450,0
3,31.9273288250,1
1,5.6568052967,0
2,26.7195593901,0
3,8.2720313072,1
1,13.3355024529,0
2,7.0460449043,0
3,5.4170495347,0
4,10.1741494961,0
5,19.1584010932,0
6,21.2598245144,1
1,20.3718903065,1
1,12.4191771777,0
2,9.4361562819,0
3,23.1696553230,1
1,15.7167506218,1
1,9.7171878663,0
2,17.2715311255,0
3,23.7869882584,1
1,22.8741383727,0
2,0.5683728362,0
3,28.0011763573,1
1,3.4320240477,0
2,0.9156300404,0
3,30.5974989972,0
4,16.4024546552,0
5,16.9231604387,0
6,4.5831179857,0
1,7.9555322446,0
2,14.0057079792,1
1,15.6190323830,1
1,15.8534553051,1
1,15.2228658199,1
1,17.9929698819,0
2,15.0386925975,0
3,17.6778817177,1
1,9.1910028227,0
2,18.5850953633,0
3,13.5949659975,0
4,7.4002765405,0
5,0.9026149999,0
6,8.7354104971,0
1,15.3673603535,1
1,15.8133473396,1
1,15.9066760540,1
1,16.6018517017,1
1,13.1972671679,0
2,3.5534397795,0
3,6.1634473051,0
4,2.0068436101,0
5,12.1964978203,0
6,26.4357982425,0
1,15.0498132706,1
1,15.7516572475,1
1,15.7060704231,1
1,7.7903463283,0
2,15.4729869471,0
3,27.5119364262,1
1,8.0379052467,0
2,22.4538073540,1
1,15.5385382175,1
1,11.0553629228,0
2,26.9905214310,1
1,7.4984083271,0
2,1.5907898633,0
3,6.3167109775,0
4,17.6634632808,0
5,5.0307909338,0
6,24.4846607282,0
1,15.1121384066,0
1,15.6554996852,0
1,15.8484263420,1
1,15.5848939419,1
1,15.8258385658,1
1,18.5173366070,1
1,15.9252655506,1
1,13.7841121618,0
2,16.6028459072,1
1,15.7343752384,1
1,17.6340658665,1
1,15.4917032719,1
1,16.1947810650,1
1,15.9247813225,1
1,20.3064808846,1
1,20.5077073574,1
1,20.7452423573,1
1,20.4842298031,1
1,20.4160137177,1
1,11.8515601682,0
2,23.9379286766,1
1,10.5596450207,0
2,24.2089559366,0
3,11.3871659912,0
4,9.1315384265,0
5,14.1706619140,0
6,6.6776468754,1
1,20.5176379681,1
1,18.9751296043,1
1,18.8494412899,1
1,17.4547251594,0
2,17.0905391593,0
3,22.7227120399,1
1,15.2273297310,1
1,10.3942068806,0
2,25.4043688774,1
1,17.9591460228,1
1,15.6020143032,1
1,20.4071831703,1
1,15.7433531284,1
1,15.5266849995,1
1,15.4627768993,1
1,20.7419164181,1
1,15.9319005409,0
2,6.4004825675,0
3,14.3124819825,0
4,2.7003914960,0
5,14.1320732501,0
6,22.4365452840,0
1,20.6739528179,1
1,10.6275283132,0
2,6.3097244918,0
3,23.7122962475,1
1,20.8203177452,1
1,9.0652964216,0
2,28.0179226398,1
1,11.8435513264,0
2,0.0604113780,0
3,17.9816507421,0
4,13.9007410234,0
5,31.4295194149,1
1,18.0276925024,0
2,10.6160825967,0
3,21.9141254425,1
1,15.7286100980,0
2,12.5839792134,0
3,22.2526544314,0
1,17.0021516874,0
2,19.1146974564,1
1,20.4404810180,0
1,20.5515868664,1
1,7.1073905610,0
2,4.8606419281,0
3,5.1252220068,0
4,2.8014748139,0
5,9.6977616968,0
6,11.0129387159,0
1,7.8562421849,0
2,9.6919961284,0
3,32.2429254055,1
1,16.5757229194,0
2,22.2063092779,0
3,4.5669987202,1
1,12.4970531199,0
2,27.5393872261,1
1,20.3152248859,1
1,15.2168190479,1
1,15.4935171604,1
1,16.3426938057,1
1,15.4866371155,1
1,15.5072536469,1
1,15.6819176674,1
1,12.8708808734,0
2,16.6514952828,0
3,7.3890025205,0
4,32.7464525700,1
1,15.9553756714,1
1,15.7352271080,1
1,15.9573533535,1
1,15.7794771194,1
1,16.2027153969,1
1,15.6638357518,0
1,15.8002774715,1
1,10.7129584009,0
2,13.9692888978,0
3,10.2517325796,0
4,28.9630293846,1
1,15.8135275841,1
1,14.3185569411,0
2,8.8642886763,0
3,10.8125260850,0
4,8.8577973611,0
5,28.4541943073,1
1,15.7948193550,1
1,7.1465354408,0
2,8.8031201432,0
3,25.9369287748,0
4,14.5419342581,0
5,7.5182112931,0
6,12.5278258324,1
1,11.8786109077,0
2,18.1508865376,0
3,12.8883911897,0
4,17.0460443213,0
5,14.1825027466,1
1,15.1605291367,1
1,8.8820528420,0
2,28.5255081654,1
1,15.4349398613,1
1,18.6652347070,0
2,1.7125281583,0
3,40.1252882481,1
1,6.7497543590,0
2,0.3867686739,0
3,22.9095678764,0
4,26.7849519253,1
1,8.9561378887,0
2,22.0641109943,1
1,15.9435831723,0
2,14.6474057045,0
3,20.0093414783,1
1,9.6097318311,0
2,16.0427942276,1
1,13.9724390799,0
2,9.3414129593,0
3,11.8626388641,0
4,12.0273728170,0
5,4.4758791140,0
6,13.8503056542,0
1,10.5077044913,0
2,4.4471293006,0
3,35.6469397545,1
1,3.1119823690,0
2,3.7468552120,0
3,8.8872197545,0
4,3.8173125635,0
5,18.5381909064,0
6,31.1193217339,0
1,12.9786954345,0
2,3.4595190092,0
3,21.4925307492,0
4,22.0634927298,0
1,20.8307328756,0
2,5.1259353161,1
1,10.2265781465,0
2,3.1015449855,0
3,21.9372618860,0
4,25.8918457031,1
1,15.2648999691,1
1,15.4113199711,1
1,12.1785073154,0
2,6.0887250091,0
3,26.9146724123,0
1,15.7800629139,1
1,9.0736911161,0
2,9.3456782720,0
3,27.7315149307,1
1,18.6574544907,1
1,3.4989486879,0
2,27.0400364399,1
1,13.5238294222,0
2,4.2126968208,0
3,26.4436802410,0
4,16.4921486378,1
1,15.6085803509,1
1,3.5261803633,0
2,25.0698386688,0
3,4.5041077707,0
4,11.6649334421,0
5,27.1462837690,0
6,4.1414022446,1
1,15.8933765888,1
1,15.7042279243,1
1,15.0970895290,1
1,6.7506081340,0
2,22.1989840211,0
3,21.7755775452,1
1,15.8800935745,1
1,15.8733329773,1
1,15.8166296482,1
1,15.2602920982,0
1,15.9439537525,1
1,10.0771588490,0
2,20.4247970581,1
1,15.3343191890,0
2,14.8949825764,1
1,13.4431648844,0
2,6.4170657373,0
3,26.1924412251,1
1,6.7248627251,0
2,1.5717690627,0
3,37.2374703884,1
1,15.9250030518,1
1,15.6612410545,1
1,15.4626810551,1
1,15.8590564728,1
1,12.3257852688,0
2,14.7118672461,0
3,4.5062109204,0
4,16.4691432021,0
5,21.7602324486,1
1,13.5096303932,0
2,16.6228565270,0
1,15.3981106281,1
1,10.3868641885,0
2,10.1751307198,0
3,23.0326182841,0
4,11.9297177321,0
5,13.3239848614,1
1,15.7512145042,1
1,15.2994693121,0
1,16.3286046982,1
1,15.6822059155,1
1,4.4467469428,0
2,21.6673386169,0
3,6.3488653045,0
4,5.0162958892,0
5,25.8888687607,0
6,12.5445490833,0
1,16.1585104465,1
1,15.6889572144,1
1,15.8119847775,1
1,6.4896190358,0
2,5.5981004133,0
3,35.7774288654,1
1,14.0681088341,0
2,14.7556493282,1
1,15.7228524685,1
1,15.6000424441,0
1,8.4453726121,0
2,16.6031939293,0
3,7.5043549744,0
4,2.9273608445,0
5,12.1535527158,0
6,2.9166237067,0
1,10.3597306750,0
2,20.5142097473,1
1,15.7988297939,1
1,16.7706656456,1
1,15.4151659012,1
1,15.6544232368,1
1,15.5604400635,1
1,3.8144646573,0
2,7.0628227659,0
3,5.3808895043,0
4,24.1209846502,0
5,31.9526309967,1
1,15.8814153025,1
1,15.8995950222,1
1,5.9431594124,0
2,8.3428201418,0
3,26.6253190041,1
1,15.2499232292,1
1,14.6278390410,0
2,9.4564855372,0
3,13.4875820107,0
4,20.7566203297,0
5,17.1184437275,1
1,20.0031484378,0
1,11.9551016686,0
2,5.8116810468,0
3,34.4855811596,1
1,5.5084614776,0
2,16.8977927556,0
3,23.5904724598,1
1,14.5235884047,0
2,1.6078243899,0
3,30.9436440468,1
1,15.6388478279,1
1,20.4323837757,1
1,15.4755163193,1
1,15.1778926849,1
1,16.8575290926,0
1,19.0284397602,1
1,18.8097460270,1
1,18.6999306679,1
1,10.2023326679,0
2,21.4733805656,1
1,13.4796367478,0
2,20.8904263620,0
1,14.4601997191,0
2,16.6426384449,1
1,16.6095671654,1
1,14.3290722203,0
2,16.1012284756,1
1,19.3440368441,0
1,7.3162339221,0
2,2.9245876998,0
3,31.3190485196,0
4,14.7878057957,1
1,15.4165434837,1
1,15.1687417030,1
1,12.6711519312,0
2,6.0334966196,0
3,29.6773646248,0
4,13.7629423141,1
1,15.7139403820,1
1,15.5303699970,1
1,15.1140861511,1
1,9.2480399524,0
2,29.0145270824,1
1,14.1535686677,0
2,16.5847692490,1
1,15.8033773899,1
1,15.5361413956,1
1,13.6381788279,0
2,12.5257019268,0
3,24.6089179516,1
1,23.6146929268,0
2,5.6099724770,1
1,15.3767488003,1
1,15.6994335651,1
1,1.9107869629,0
2,6.0690889700,0
3,14.4414762710,0
4,28.6686465740,1
1,15.5486390591,1
1,16.2844727039,1
1,10.8215121393,0
2,19.0323584948,0
1,15.5512890816,1
1,7.5036526881,0
2,11.9208913371,0
3,26.0617682934,1
1,21.0302653313,1
1,0.0229842722,0
2,12.5211022988,0
3,15.4429569582,0
4,7.3579225977,0
5,4.1841682469,0
6,12.5537818684,0
1,15.6630492210,1
1,15.8623416424,1
1,15.4751350880,1
1,7.5595934210,0
2,4.3694074847,0
3,20.5689021356,0
4,0.7217552554,0
5,32.9760310288,0
6,9.6386747360,1
1,16.0048635006,1
1,6.1810620340,0
2,24.2279748917,1
1,2.6886071726,0
2,6.0413896860,0
3,22.2814264609,0
4,12.3457032548,0
5,18.6951401050,0
6,14.5475363731,1
1,13.1728106644,0
2,10.3902043145,0
3,18.9042445540,0
4,7.5758696750,0
5,21.0442068499,0
1,15.4212148190,1
1,15.7562935352,1
1,15.4301111698,1
1,11.1844623756,0
2,6.7428475693,0
3,11.0906781688,0
4,2.6320223775,0
5,20.1092235633,0
6,23.9934754361,0
1,15.7197082043,1
1,15.5653030872,1
1,9.9929283783,0
2,0.8428862906,0
3,27.2530137822,0
4,11.1715909935,0
5,11.0797255671,0
6,5.2362823249,0
1,15.1245217323,1
1,15.6191024780,1
1,15.1733086109,1
1,13.1215008587,0
2,2.1249660041,0
3,35.0492820740,1
1,15.7047314644,1
1,15.2429702282,1
1,15.9429695606,1
1,14.2644110219,0
2,16.3464710712,1
1,10.8437537777,0
2,20.0291426182,1
1,17.4980034828,1
1,15.8574099541,1
1,15.7836191654,1
1,14.1424410615,0
2,16.3735771179,1
1,15.6255733967,1
1,14.3582160231,0
2,16.1297521591,1
1,18.7925870419,1
1,15.7689793110,1
1,14.9068908691,1
1,15.7650296688,1
1,15.4902055346,1
1,16.3699343204,1
1,15.9700963497,1
1,12.6108238434,0
2,1.0176176507,0
3,23.2730799578,0
4,3.2119391307,0
5,33.5477929115,1
1,15.5845756531,1
1,15.2228651047,1
1,15.5193479061,1
1,13.3058972818,0
2,0.3630293146,0
3,16.7184470230,0
4,8.8402445557,0
5,36.4669497013,1
1,15.9905126095,1
1,16.2990195751,1
1,13.2918642136,0
2,17.1821551323,1
1,15.7094821930,1
1,15.4358196259,1
1,15.7752778530,1
1,15.6417338848,1
1,9.6520905934,0
2,20.7643811703,1
1,14.9086368084,1
1,1.5311878159,0
2,28.9559369087,1
1,15.4468338490,1
1,2.9139435508,0
2,8.9207155431,0
3,29.5364928105,0
4,8.0069376337,0
5,20.3992087841,1
1,14.8152351379,1
1,4.9559292365,0
2,5.9023871836,0
3,39.2175714970,1
1,15.6611731052,1
1,15.7900464535,1
1,16.0243628025,1
1,3.7166132061,0
2,27.2871108055,1
1,15.9920833111,1
1,15.4765884876,1
1,15.6248223782,1
1,12.6162596954,0
2,0.5677630893,0
3,4.6302018384,0
4,34.3189295824,0
5,15.0474493504,1
1,15.8534488678,1
1,15.6338961124,1
1,14.9733924866,1
1,15.5331459045,1
1,15.5914399624,1
1,15.7532186508,1
1,15.4628047943,1
1,2.2591768945,0
2,1.6969654215,0
3,28.2910273389,0
4,23.3589227200,1
1,15.4686770439,1
1,15.6919577122,1
1,15.7780115604,1
1,15.9989397526,1
1,15.6561527252,1
1,15.7808089256,1
1,11.8016840740,0
2,4.0438231098,0
3,6.9656177293,0
4,4.2582824470,0
5,20.8812800461,0
6,4.9810814905,0
1,8.8431877004,0
2,16.7709259987,1
1,15.4873509407,1
1,15.5445621014,1
1,14.2063777831,0
2,13.8748080457,0
3,28.3992733955,1
1,15.7442615032,1
1,4.4346695606,0
2,15.1604575894,0
3,24.2364453714,0
4,12.2232838572,0
5,19.5412244797,1
1,15.4564797878,1
1,15.6048059464,1
1,13.8872161094,0
2,16.9000611305,1
1,15.3744270802,1
1,6.8661645463,0
2,20.3053383772,0
3,8.9819125365,0
4,24.4340107441,1
1,15.6697740555,1
1,15.7677218914,1
1,16.1670377254,1
1,15.3121984005,1
1,15.7046313286,1
1,13.0838291323,0
2,17.6798272133,1
1,11.3787442655,0
2,9.0398240895,0
3,30.2793123722,1
1,14.7827548054,0
1,7.4550794161,0
2,9.9974432317,0
3,21.9439671944,0
4,19.7880770267,0
5,16.1846272945,1
1,7.4258606119,0
2,23.3276946545,1
1,16.1227312088,1
1,15.8501408100,1
1,15.7658314705,1
1,15.0433387756,1
1,15.4795690454,0
1,15.1181125001,0
1,3.7342177186,0
2,27.5742995739,1
1,15.6976604462,1
1,15.8896043301,1
1,15.5288665295,1
1,13.1164206069,0
2,2.0764308968,0
3,25.6364793777,1
1,15.5240392685,1
1,15.8637127876,1
1,15.5616288185,1
1,12.7461426279,0
2,17.3452684879,1
1,16.2961099148,1
1,12.9949003790,0
2,17.5275185108,1
1,15.2616147995,1
1,8.6123873238,0
2,22.8080341816,1
1,15.1339409351,1
1,5.1862992482,0
2,24.9553012848,1
1,15.0357491970,1
1,0.9674862979,0
2,18.9368481379,0
3,28.2507657683,0
4,7.7174463272,1
1,15.5701611042,1
1,15.0813317087,0
1,10.8517510054,0
2,19.9382450581,1
1,15.4569554329,1
1,12.4744719465,0
2,14.0152054443,0
3,17.3126090773,0
4,9.1416656459,0
5,22.7124309540,1
1,15.5617475510,1
1,1.8780898109,0
2,4.7552936751,0
3,23.8501338959,1
1,15.5073473454,1
1,12.7277374752,0
2,9.5284883902,0
3,8.3141310371,0
4,18.5068223668,0
5,26.1494965553,1
1,1.2295431860,0
2,7.6260534217,0
3,19.6819395420,0
4,12.4802500529,0
5,10.2119705181,0
6,24.7377398014,1
1,14.8639159782,0
1,15.3846352100,1
1,11.5721011850,0
2,14.0445828438,1
1,16.8545672894,1
1,15.7223217487,1
1,15.4755077362,1
1,4.9670180299,0
2,1.0119867839,0
3,14.0776856347,0
4,34.1121401048,0
5,9.7748784744,0
6,12.1315791607,1
1,15.5728948116,1
1,15.3265266852,0
1,15.5943138599,1
1,15.3337168694,1
1,15.4348089695,1
1,15.4767301083,1
1,15.5309143066,1
1,18.8274099827,1
1,13.3259258248,0
2,1.8568805695,0
3,10.4343699849,0
4,13.2196184222,0
5,9.6052440444,0
6,17.1960670488,0
1,16.5159516335,1
1,17.1749893885,0
2,2.9927152778,0
3,25.4143381119,1
1,8.4020522357,0
2,21.9191386700,1
1,18.6040005684,1
1,18.7043795586,1
1,12.3720194901,0
2,5.8612434155,0
3,13.2636069233,0
4,18.9474886978,0
5,25.0171778426,0
1,16.2681956291,1
1,15.0374391798,0
2,8.6906811042,0
3,6.0068954280,0
4,24.0123601156,0
5,11.3272782898,0
6,10.8777666092,1
1,18.3694067001,1
1,18.7500314713,1
1,1.4855257156,0
2,0.2642744564,0
3,42.7552236848,0
4,5.6584296227,1
1,11.4975324026,0
2,6.9970484456,0
3,20.5502451627,0
4,20.0345399380,1
1,18.0101637840,1
1,19.1890504360,1
1,18.7718632221,1
1,18.1891066017,0
2,15.9669606686,1
1,18.7036113739,1
1,18.9728164673,1
1,9.3190215573,0
2,1.3675550713,0
3,18.8460894304,0
4,1.9467973584,0
5,4.7014588297,0
6,20.3446012112,0
1,18.8910140991,1
1,18.7373743057,1
1,12.8400346137,0
2,12.9278705120,1
1,18.0124569174,0
2,0.5002522872,0
3,8.9269338337,0
4,3.3232863152,0
5,6.1631646628,0
6,8.0614342927,0
1,16.0991855940,0
2,2.9072060743,0
3,9.2322400230,0
4,36.6780495644,1
1,18.6797676086,1
1,19.4815828800,1
1,18.7647807598,1
1,18.9556610584,1
1,4.6037007231,0
2,13.6036565021,0
3,22.2130594254,1
1,18.8108510971,1
1,18.7829625607,1
1,5.5067835755,0
2,20.3102381229,1
1,19.2845163345,1
1,18.8810083866,1
1,18.9935524464,1
1,12.4471663038,0
2,6.7860586591,0
3,21.6133189201,1
1,2.4045560154,0
2,1.5797734402,0
3,26.6500155740,0
4,23.4364040641,0
5,10.7361885607,0
6,11.0345098972,1
1,4.2418788591,0
2,8.5941858815,0
3,17.6913211103,0
4,4.4342257310,0
5,24.7220195305,0
6,16.0919823647,1
1,9.2900855958,0
2,22.4702681137,0
1,18.5873329639,1
1,19.2169454098,1
1,5.1332953535,0
1,16.3035394596,0
2,9.4415102005,1
1,15.9869721799,0
2,0.2462452976,0
3,24.2031140327,1
1,2.9971034253,0
2,15.9717364311,1
1,19.2295310497,1
1,18.8676066399,1
1,16.8232270318,0
2,2.4844543728,0
3,7.3814864255,0
4,16.0624865886,0
5,18.4142477574,0
6,14.3113701203,0
1,6.2868547872,0
2,7.7002294430,0
3,26.6248862743,1
1,16.7753517397,0
2,1.4735938943,0
3,32.8319113255,1
1,18.9285957813,1
1,18.6955668926,1
1,19.3554782867,1
1,20.3344767094,1
1,18.6329662800,1
1,18.5656077862,1
1,14.4594268532,0
2,7.6018484194,0
3,23.8009722233,1
1,7.6054510590,0
2,9.2902607460,0
3,16.4395710446,0
4,16.8991597100,0
5,20.1543667316,1
1,19.1901097298,1
1,18.9190979004,1
1,18.4656608105,1
1,20.0474681854,1
1,13.3598983766,0
2,16.7736382484,1
1,19.1648905277,1
1,18.8936412334,1
1,18.3023953446,0
1,9.7068978403,0
2,16.0177845955,1
1,10.0536412169,0
2,13.6284013231,0
3,21.9766244888,1
1,15.9763576984,1
1,17.0953070641,0
2,0.7093279833,0
3,10.2716994077,0
4,4.0152397305,0
5,8.6929540486,0
6,25.8331211695,0
1,17.5051289023,0
2,5.0724226828,0
3,18.2363719940,1
1,18.5168151855,1
1,18.9025483131,1
1,15.6567267070,0
2,10.1749877930,1
1,14.1906753273,0
2,26.0355874582,0
1,13.9495364635,0
2,1.3348865863,0
3,30.1100635529,1
1,14.2234698610,0
2,12.2132213116,1
1,3.7643130053,0
2,2.3594739047,0
3,17.5438025960,0
4,19.7586146175,0
5,16.8143449324,0
6,4.3599811582,0
1,10.7086067042,0
2,15.1081838608,1
1,18.3072066316,0
1,18.8197081089,1
1,20.4819824696,1
1,18.9854357243,1
1,11.3378437983,0
2,1.3657766648,0
3,27.8064794540,1
1,15.4515261829,0
2,0.6738364084,0
3,25.7178947926,1
1,19.1268789768,1
1,16.2377705517,0
2,13.9720430374,1
1,18.9996557236,1
1,19.3562722206,1
1,19.5469036102,1
1,18.9446732998,1
1,14.9706770692,0
2,9.9681554204,0
3,20.6522011757,1
1,19.1995997429,1
1,13.9610273656,0
2,1.7685212193,0
3,15.4105887379,0
4,29.7914943695,1
1,18.9702964973,0
2,6.9760386944,1
1,10.4493519680,0
2,14.7457551956,1
1,9.2939822637,0
2,16.5669622421,1
1,12.4067521130,0
2,13.6703073978,1
1,19.7882781029,1
1,13.3926239546,0
2,3.8338776185,0
3,11.9988435735,0
4,7.2178244670,0
5,21.9298270686,0
6,17.5196142197,1
1,11.0603659221,0
2,14.6278202534,1
1,16.8501276616,0
2,8.9193441868,1
1,19.9197403069,0
2,6.0904254913,1
1,16.7958835143,0
2,8.8878593445,1
1,14.7389190084,0
2,10.8519279957,1
1,19.1200547218,1
1,16.1257139710,0
2,9.4378123283,1
1,10.2380414289,0
2,0.8858821428,0
3,24.4959383011,1
1,18.5990059376,1
1,18.8866460323,1
1,8.8879712331,0
2,5.2743667751,0
3,8.9598057762,0
4,4.3139808264,0
5,14.9106606343,0
6,36.3549296413,0
1,11.0317519895,0
2,1.4248589052,0
3,30.2020242679,0
4,13.1347804070,1
1,5.5239389613,0
2,11.2911821227,0
3,28.7744894028,1
1,10.3742454012,0
2,14.4826693870,0
3,16.9498397743,0
4,10.7549554773,0
5,22.7844836712,1
1,19.7257246971,1
1,12.5751818306,0
2,19.8256752491,1
1,19.3954417706,1
1,18.9895169735,1
1,18.7206501961,1
1,18.7119941711,1
1,19.1207463741,1
1,17.1370121893,0
2,6.8262798522,0
3,4.8497364195,0
4,5.5320963625,0
5,23.2180841745,0
6,16.9849448651,0
1,2.9378502247,0
2,6.2867827392,0
3,26.8213086030,0
4,2.9822396048,0
5,25.1039195726,0
6,11.7596433163,1
1,18.7308197021,1
1,17.7255307112,0
2,8.0638210773,1
1,3.4723435852,0
2,8.4733161607,0
3,6.5408265103,0
4,12.7082393629,0
5,27.9950964847,0
6,9.9795543562,0
1,18.9298796654,1
1,14.3440210866,0
2,11.4488389492,1
1,18.7793619633,1
1,18.8619132042,1
1,18.6731014252,1
1,17.5782944564,0
2,8.1212911606,1
1,12.8287872881,0
2,3.2339438505,0
3,13.9955051710,0
4,23.7395379769,0
5,6.6829324854,0
6,9.4981913423,0
1,11.4140246746,0
2,7.9880840564,0
3,21.1054308414,1
1,19.0749506950,1
1,18.8360095024,1
1,16.3072167895,0
2,9.4442088604,1
1,6.5064740585,0
2,19.1874318123,1
1,19.1820575408,0
2,7.3677148819,1
1,16.9740036054,0
2,1.2473663774,0
3,21.9384677674,0
1,12.3283691420,0
2,1.7448740378,0
3,8.6464746659,0
4,10.9956280992,0
5,13.7023807304,0
6,11.0360032943,0
1,19.2006132603,1
1,2.9467113283,0
2,10.1037113216,0
3,22.6694233418,1
1,18.9607193470,1
1,20.3663527966,1
1,20.3139817715,1
1,18.6736757755,1
1,17.9124230892,0
2,7.7935488224,1
1,14.9139502544,0
2,7.7386959520,0
3,17.9411745071,1
1,20.4170622826,1
1,14.3866306040,0
2,11.2528388500,1
1,4.2486768829,0
2,19.4448974133,1
1,17.9378284526,0
2,6.8042864799,1
1,17.8239859580,0
2,7.8714380264,1
1,3.0259291659,0
2,1.1350382757,0
3,31.7105283737,1
1,20.5798366070,1
1,20.4666795731,1
1,7.1403298126,0
2,13.7345302105,1
1,6.2513570170,0
2,0.3294435223,0
3,34.1955792904,1
1,18.7522230148,1
1,15.1494216768,0
2,10.5840046406,1
1,19.8666901588,1
1,20.5253112316,1
1,19.3570683002,1
1,19.1744470596,1
1,11.6939304024,0
2,6.7676798586,0
3,7.9074441255,0
4,3.0608854028,0
5,17.4791052908,0
6,28.8219244480,1
1,18.6822869910,0
1,13.8773049884,0
2,11.9900729656,1
1,6.7891655352,0
2,18.4973924160,1
1,18.8174149990,1
1,18.3583979738,0
1,18.7396008968,1
1,13.1948727042,0
2,4.5385171647,0
3,23.1212983131,1
1,18.5751843452,1
1,16.7881553985,0
2,8.7641930580,1
1,17.9823576599,0
2,8.6013572216,1
1,21.6922888756,1
1,11.6571279283,0
2,11.5656906642,0
3,22.4161677361,1
1,0.5401772391,0
2,7.2621810222,0
3,21.8749990043,0
4,21.4346265793,1
1,8.0086560877,0
2,15.6851019859,1
1,16.6690225338,0
2,7.2728598118,1
1,18.8646469116,1
1,21.1521148682,1
1,14.8804845049,0
2,8.9634847641,1
1,17.0726122856,1
1,20.2606451511,1
1,13.7900197750,0
2,9.6624918306,0
1,16.8228340751,0
2,6.9570679665,1
1,9.4313480383,0
2,8.6081466629,0
3,22.3463620741,0
4,15.4926445484,1
1,18.7005457878,1
1,18.6568515301,1
1,21.1805706024,1
1,18.4299244881,1
1,18.5728054047,1
1,18.6753773689,1
1,2.4701339456,0
2,18.2346568108,1
1,18.4559855588,0
1,8.7266649044,0
2,18.6319438409,0
3,18.2515919209,1
1,18.2970478535,1
1,18.5955748558,1
1,18.5508356094,1
1,18.4892585278,1
1,19.2898793221,1
1,14.1984300751,0
2,10.7143993378,1
1,18.5435661650,0
1,11.9388372024,0
2,11.7140421867,1
1,17.9428097417,0
2,5.7790052891,1
1,18.8254194260,1
1,18.6756942272,1
1,18.5748295784,1
1,18.7950198620,0
1,18.8747956753,1
1,18.6908884048,1
1,18.6129205227,1
1,18.6939597130,1
1,18.8189399242,1
1,10.1010466054,0
2,12.3811246539,0
3,5.4298051396,0
4,17.4716609610,0
5,11.4140635012,0
6,18.9255473614,1
1,18.7801373005,1
1,15.1548737465,0
2,13.8923377991,1
1,11.6434352566,0
2,12.2191557884,1
1,18.3873603344,1
1,16.3561128743,0
2,7.2194090730,0
1,18.7326886654,1
1,18.7856140137,1
1,10.7492510996,0
2,13.0835380554,1
1,18.3167199810,0
1,3.9474905753,0
2,19.9601812363,1
1,4.5602697195,0
2,19.4978578091,1
1,19.1754755298,0
1,18.7954015732,1
1,18.6963107586,1
1,12.0207305696,0
2,3.2591199591,0
3,8.6830445757,0
4,11.5893332482,0
5,39.6337065697,1
1,18.8378090858,1
1,9.9128101739,0
2,13.9559183121,1
1,18.9568026066,1
1,11.0266119665,0
2,12.8840446472,1
1,14.3628067248,0
2,9.4412941933,1
1,20.3794326782,1
1,12.7227613373,0
2,9.5500127495,0
3,23.3815534115,1
1,15.8110113144,1
1,15.1893529155,0
1,15.7450482845,1
1,8.4727088568,0
2,12.4964983463,1
1,15.6411108971,1
1,15.5561256409,1
1,15.7787132263,1
1,16.8598179817,1
1,12.6176025520,0
2,7.8887705216,0
3,18.6646648266,0
4,15.4556746147,0
5,12.0495259656,0
6,9.0273635387,1
1,15.3849041462,1
1,16.1244771481,1
1,15.6680102348,1
1,15.6502304077,1
1,3.2258295464,0
2,0.0863706506,0
3,24.5023040314,0
4,16.9062068714,0
5,23.4026110536,0
6,5.2330073606,0
1,11.8832252135,0
2,6.4003112173,0
3,17.4308373928,1
1,6.7369188701,0
2,13.6202495098,1
1,15.5406281948,1
1,13.4079641921,0
2,2.9205561775,0
3,4.7662699456,0
4,10.7561158259,0
5,22.3710247224,0
6,21.4082357883,1
1,8.2945746266,0
2,9.7872077691,0
3,8.5128119452,0
4,26.7207612991,1
1,14.1711839498,0
2,6.6223554611,1
1,15.6736586094,1
1,15.7648301125,1
1,14.1918358955,0
2,6.5135743618,1
1,20.2876975536,1
1,15.8940660954,1
1,16.0385463238,1
1,9.4393004935,0
2,9.2466755715,0
3,12.4745738054,0
4,14.6602342129,1
1,15.5057215691,1
1,14.6539543995,0
2,6.3804109097,1
1,18.1216685772,1
1,16.0791778564,1
1,15.7976417542,1
1,13.6245596130,0
2,12.7231718337,0
1,16.1137511730,1
1,15.6934375763,1
1,13.1760151286,0
2,7.5165746212,1
1,18.4285268784,1
1,10.6839962940,0
2,10.9718821049,1
1,17.7517690659,1
1,18.5365798473,1
1,16.7777688503,1
1,16.9583559036,1
1,16.6373000069,0
2,8.7918562889,1
1,18.2682545185,1
1,17.0657822627,0
2,6.9991543293,1
1,13.8732966763,0
2,10.1293494701,1
1,13.7312674266,0
2,9.7810943127,1
1,18.5859375000,1
1,18.3660993576,1
1,18.6232037544,1
1,12.3863852972,0
2,11.3909540176,1
1,9.8951456432,0
2,14.2989335060,1
1,19.0382466316,1
1,18.2231430311,0
1,17.6888862957,0
2,0.2997184952,0
3,13.8257536183,0
4,14.1530885696,1
1,18.6920828819,1
1,18.9323186874,1
1,13.9591805997,0
2,9.7732064724,1
1,18.4865906239,1
1,18.8592381477,1
1,18.6119027138,1
1,17.0853911634,0
2,6.6634812355,1
1,12.7376159797,0
2,10.9923348427,1
1,18.6899306774,1
1,18.6521036625,1
1,12.1957665356,0
2,11.7160062790,1
1,18.8164379597,1
1,18.9284498692,1
1,18.6988849640,1
1,18.8674829006,1
1,18.7679321766,1
1,17.7749579391,0
2,6.0138187408,1
1,18.6106753349,1
1,16.9466020611,0
2,3.9482930011,0
3,7.2609604663,0
4,10.0164518245,0
5,24.9136413474,0
6,12.5514814854,1
1,15.4502348927,0
2,8.5389654636,1
1,7.9387633409,0
2,3.8233202584,0
3,15.3803479785,0
4,18.5993978977,1
1,18.2453954211,0
1,16.5073729457,0
2,9.1902945042,1
1,18.6052758694,1
1,18.2596499920,1
1,18.6593019962,1
1,18.7320628166,1
1,18.0649465356,0
1,15.7325431911,0
2,8.1848080158,1
1,16.8785845838,0
2,4.7426774237,0
3,14.1879708767,1
1,9.1762469540,0
2,13.4158334361,0
3,6.1473450888,0
4,5.6188440175,0
5,19.5441452121,0
6,19.5655338676,0
1,12.1615242002,0
2,4.7749472315,0
3,18.7700278759,1
1,13.1278433435,0
2,10.9304494858,1
1,15.9784229301,0
2,7.8271393776,1
1,18.4195418358,1
1,17.7916693291,0
1,9.6988958089,0
2,13.9368939400,1
1,13.7418226465,0
2,10.0765192509,1
1,18.9448349476,1
1,12.7313147237,0
2,9.8193481325,0
3,13.3311460018,1
1,18.7117402554,1
1,18.7910349369,1
1,18.5918498039,1
1,17.2804387991,0
2,6.2539687157,1
1,18.4894738197,1
1,18.9477996826,1
1,19.1531331539,1
1,18.5018219948,1
1,16.8111196674,0
2,6.9000806808,1
1,5.9373787188,0
2,12.5713468304,0
3,17.2497081757,1
1,18.7118797302,1
1,2.9842140233,0
2,21.2362725735,1
1,18.8365795612,1
1,1.8502380399,0
2,21.9428887367,1
1,23.3599655628,1
1,16.3647182918,0
2,7.5129911900,1
1,18.6580131054,1
1,18.5329713821,1
1,18.3007041652,0
1,12.3007978874,0
2,11.5416734219,1
1,18.6982305050,1
1,17.2438526804,0
2,6.6705758572,1
1,18.4159419537,1
1,18.7865288258,1
1,0.7100512510,0
2,14.2313917719,0
3,20.5388932228,1
1,18.8377718925,1
1,18.5984272957,1
1,13.5482551666,0
2,8.2618763201,0
3,13.7622005939,1
1,18.4617791176,1
1,17.3738645034,0
2,5.5838938080,0
3,12.8819274902,1
1,18.6444203854,1
1,18.5647544861,1
1,10.2824709282,0
2,13.0445813075,0
1,18.8472197056,1
1,18.2432417990,0
1,12.6924299609,0
2,11.1760096550,1
1,18.3665657043,1
1,8.8006479585,0
2,3.5173280517,0
3,11.4922606945,1
1,12.3525087368,0
2,11.5016963482,1
1,15.5159919172,0
2,8.2851755619,1
1,18.5386126041,1
1,11.4378560493,0
2,2.4365846071,0
3,21.8570616245,1
1,15.7519386287,0
2,6.1407834816,0
3,6.6119250561,0
4,12.5380593649,0
5,4.4752955583,0
6,18.5680419956,0
1,16.3927405441,0
2,7.6130025387,1
1,18.6307840347,1
1,18.0448493958,1
1,18.6671133041,1
1,18.6292219162,1
1,16.3406162914,0
2,7.3552200794,1
1,15.4630733185,0
2,2.9073808394,0
3,21.9385771751,1
1,18.8442950249,1
1,18.5839984417,1
1,14.4681331444,0
2,9.2427198887,1
1,18.6010544300,1
1,18.7485988140,1
1,18.6038360596,1
1,18.6001288891,1
1,7.2665484297,0
2,11.7218451516,0
3,16.9846158028,1
1,19.0024236797,0
1,22.8122441769,1
1,18.8493361473,1
1,18.7159445286,1
1,17.2476459255,0
2,4.4012405964,0
3,13.8380413055,1
1,1.2375269322,0
2,2.1501081328,0
3,24.6667175866,0
4,9.8687761961,0
5,7.0993437646,0
6,15.1935442159,0
1,18.9414453506,1
1,18.9889504910,1
1,18.7834174633,1
1,19.0784053802,1
1,13.3176322814,0
2,9.1368482828,0
3,11.4691218766,0
4,11.9237437248,1
1,18.6665339470,1
1,18.4104216099,1
1,18.5571470261,1
1,18.5060455799,1
1,11.6886939193,0
2,12.5871706009,1
1,18.8416714668,1
1,19.5471947193,1
1,7.9429562559,0
2,15.5804121494,1
1,18.5987162590,1
1,18.7739045620,1
1,18.4909758568,1
1,18.6889336109,1
1,18.7469666004,1
1,18.5216739178,1
1,16.6504304790,0
2,3.1929269979,0
3,15.9558241367,1
1,16.2193694115,1
1,5.9954844350,0
2,6.8981189356,0
3,19.3490936483,0
4,1.3118030845,0
5,14.4874429361,0
6,28.1563124657,1
1,1.3188636111,0
2,2.3066158031,0
3,20.0944468975,1
1,15.4745867796,0
2,8.0110437870,1
1,16.6779452751,0
2,7.0509159565,1
1,18.3933784962,1
1,13.1046561729,0
2,1.9285561230,0
3,20.7440764904,1
1,11.9475496938,0
2,1.0228185027,0
3,22.8092873096,1
1,18.7127752304,1
1,7.3282945576,0
2,16.5014841557,1
1,6.9077556483,0
2,16.8175356388,1
1,16.3383841023,0
2,4.5824647449,0
3,14.8529298306,1
1,18.6410400867,1
1,23.3340853485,0
1,7.8672633788,0
2,15.8513381481,1
1,12.2071953286,0
2,11.8414614201,1
1,18.7223818302,1
1,18.5459811687,1
1,18.5528712273,1
1,12.3398399952,0
2,11.6232368946,1
1,18.9995219707,1
1,15.1189746940,0
2,8.8540356159,1
1,9.2885211647,0
2,4.2654557926,0
3,22.2786140522,1
1,18.5865168571,1
1,18.6723589897,1
1,18.7546484475,0
1,17.9421449444,0
2,5.9617938995,1
1,13.6404535221,0
2,5.7215989115,0
3,5.1624406911,0
4,21.2971343994,1
1,18.1105985641,1
1,18.8054566383,1
1,10.4457269371,0
2,13.2346765995,1
1,16.2386537198,0
2,7.6170194149,1
1,18.4561693668,1
1,14.0870602663,0
2,9.8706114292,1
1,19.5234103203,1
1,12.4672156383,0
2,11.4408774376,1
1,18.7109091282,1
1,14.7022624151,0
2,5.9425334809,0
3,15.1586065292,1
1,18.7751412392,1
1,17.9548316002,1
1,18.6952879429,1
1,19.2780396938,1
1,14.2461247872,0
2,9.8481681347,1
1,7.2803069497,0
2,2.8682641160,0
3,19.0495016294,0
4,5.3308057346,0
5,20.6891948306,0
6,19.7204127326,0
1,15.1331410053,0
2,1.3047443931,0
3,19.6707158089,1
1,19.6261160374,1
1,18.3293101788,1
1,18.8981981277,1
1,17.6429808140,1
1,11.2068715685,0
2,11.4193170082,0
3,13.3330106735,1
1,18.8570787907,1
1,10.8386534222,0
2,8.8193486302,0
3,13.4171712895,0
4,15.9961637295,0
5,16.1681521793,0
6,10.7974827290,1
1,15.5129280980,0
2,8.1800158024,1
1,16.7707051965,0
2,7.0948519707,1
1,18.7682662010,1
1,15.3550360565,0
2,8.6156930923,1
1,18.5311537903,0
1,18.5454246998,1
1,18.2294704914,1
1,2.1837995283,0
2,4.5519515300,0
3,28.8487436771,1
1,7.6326291277,0
2,5.1129498567,0
3,23.0986704826,1
1,17.6958456430,0
2,15.9542839640,0
1,17.6111696240,0
2,6.3686270714,1
1,10.2223581034,0
2,9.7940559425,0
3,20.5858039856,1
1,18.8208811283,1
1,17.4379072596,0
2,5.0060018816,0
3,18.1277117729,1
1,18.7014956474,1
1,14.7500109087,0
2,9.2355644703,1
1,13.8703450002,0
2,10.2754240036,1
1,18.6249089241,1
1,17.7377378941,1
1,17.8589323563,0
1,17.9451668638,0
2,5.7353954315,1
1,18.6816580296,1
1,2.6967362328,0
2,4.7807418276,0
3,28.3236708641,1
1,20.1778013706,1
1,29.2444579831,0
2,4.6118644517,0
1,16.8998004592,0
2,6.7725677490,1
1,3.5235694341,0
2,12.1114623932,0
3,24.9069256783,1
1,18.8071210384,1
1,17.8875127958,0
1,18.7148659229,1
1,4.1014398603,0
2,9.4237085428,0
3,7.7015659215,0
4,3.8996405769,0
5,26.0199162827,0
6,17.6813615611,0
1,18.5514957905,1
1,18.8651132584,1
1,18.8029832840,1
1,12.5162079567,0
2,11.2453179359,1
1,14.8345746973,0
2,6.4890489344,0
3,14.4552190304,1
1,11.1787600535,0
2,12.4476120472,1
1,10.5080145753,0
2,13.0231418610,1
1,4.6822724087,0
2,18.9179427624,1
1,21.0026561196,0
1,4.1617628379,0
2,12.6464551606,0
3,23.6462130547,1
1,18.0536305904,1
1,9.1518298956,0
2,14.6635408401,1
1,13.2947135284,0
2,3.5050941357,0
3,21.6361867069,0
4,10.8464681122,0
5,26.7572779655,1
1,18.7533602715,1
1,18.7839131355,1
1,16.7735925244,0
2,2.8479112186,0
3,16.2315380573,1
1,18.4551390601,0
1,18.5327789783,1
1,18.4147911072,1
1,18.5408442020,1
1,21.2673064990,0
2,3.6965653896,1
1,16.1319548610,0
2,7.7297830582,1
1,16.0855897540,0
2,8.0317118168,1
1,12.4142085294,0
2,11.2687733173,1
1,11.4716733458,0
2,12.3127362728,1
1,18.8096480370,1
1,14.3324814610,0
2,9.5770747662,1
1,18.8277153969,1
1,5.6179518823,0
2,10.9492451583,0
3,7.5234656296,0
4,12.5565180498,0
5,35.4326449496,0
6,3.7363793850,1
1,20.6174225807,1
1,18.4765970707,1
1,18.6231400967,1
1,8.3145770219,0
2,0.7158937246,0
3,27.9219145775,1
1,20.9583585262,1
1,18.4052224159,1
1,18.6311495304,1
1,16.2209958329,0
2,5.4040449748,0
3,18.3719308376,1
1,18.6185245514,1
1,18.4395925999,1
1,18.6171698570,1
1,18.8358178139,1
1,18.6982290745,1
1,23.2966940403,1
1,18.6153445244,1
1,12.0981176585,0
2,1.3269127538,0
3,27.1179070473,1
1,15.4772912625,0
2,9.4460692406,1
1,14.1049633463,0
2,10.0943748951,1
1,18.4925179482,1
1,19.1867136955,1
1,20.8668909073,1
1,14.0557415485,1
1,5.3651538820,0
2,18.3652102947,1
1,16.4237401363,0
2,7.4414076805,1
1,15.3423397806,0
2,2.3060252048,0
3,12.6232980784,0
4,11.2260994788,0
5,22.3485075380,0
6,11.9749817848,1
1,18.6262128353,1
1,18.5685082787,0
2,3.8107005925,0
3,12.0852741523,0
4,16.3964960575,1
1,18.6811816692,1
1,18.6090282417,0
2,3.8892017126,0
3,14.2884943485,1
1,18.7422602177,1
1,11.7716366404,0
2,12.2760972977,1
1,4.3789906529,0
2,5.3440566941,0
3,10.3012599512,0
4,24.8408532621,0
5,3.2434925510,0
6,17.3682335117,0
1,17.5663203750,0
2,6.3673932552,1
1,10.3515935511,0
2,12.7214054984,0
1,15.0607613536,0
2,8.7671484947,1
1,18.8313367367,1
1,15.1948137898,0
2,10.6332292557,1
1,6.8399955246,0
2,16.8418529034,1
1,15.1792167358,0
2,1.6253783845,0
3,12.2300673765,0
4,27.7082490921,1
1,19.9836165905,1
1,19.2445857525,1
1,13.7567345630,0
1,18.7419304848,1
1,18.6753637791,1
1,18.6422538757,1
1,18.6570110321,1
1,12.1440827136,0
2,2.6337516714,0
3,19.0037076850,0
4,17.0001246929,1
1,17.0246251037,0
2,9.5574329379,0
3,14.0887935162,1
1,18.1762443692,0
1,18.6021516323,1
1,18.5817947388,1
1,18.7983119488,1
1,18.5116553307,1
1,14.3016490144,0
2,9.7924668789,1
1,12.4859850368,0
2,3.2001921490,0
3,24.6386704445,1
1,16.4052516883,0
2,7.9322555065,1
1,6.9363450330,0
2,0.9189742083,0
3,22.8146480959,0
4,17.9637458493,0
5,5.0999098879,0
6,17.5600828441,0
1,13.4569496038,0
2,10.5311844349,1
1,18.7046256065,1
1,17.2139792217,0
1,18.4980204105,1
1,14.3029078009,0
2,7.5519228141,0
3,18.8322293758,1
1,18.6058230400,1
1,14.8197070674,0
2,9.0202453136,1
1,18.3024344444,1
1,20.6103615761,1
1,16.4301536974,0
1,18.6109678745,1
1,13.6671798592,0
2,3.8066284967,0
3,19.7680027485,1
1,16.1048826579,0
2,8.3171975613,1
1,11.6784508055,0
2,5.0394594081,0
3,11.1932586507,0
4,18.0043115616,1
1,12.3482264639,0
2,7.4686600674,0
3,19.3655025959,1
1,14.7492076146,0
2,7.3957970153,0
3,15.0158464909,1
1,17.6172876378,0
2,1.7004814178,0
3,5.5011351860,0
4,22.3269052505,1
1,18.4747495651,1
1,18.7277212143,1
1,19.3580281734,1
1,18.6044282913,1
1,18.6933739185,1
1,18.4599709511,1
1,18.9214775562,1
1,17.6612914271,0
2,6.9026091099,1
1,17.4562386037,0
2,4.1770658147,0
3,4.3049128416,0
4,10.2692060643,0
5,26.1630216045,0
6,13.6565101147,1
1,10.5688970379,0
2,13.2208321095,1
1,20.3125912865,0
2,4.7939915657,1
1,18.6989135742,1
1,3.7736736645,0
2,20.0441658497,1
1,18.4924929142,1
1,13.7776461164,0
2,10.0894017220,1
1,7.1788482292,0
2,16.9745743275,1
1,18.5388622284,1
1,13.1915929617,0
2,0.4726302748,0
3,16.3943548074,0
4,16.3144554891,0
5,19.1683408824,0
6,10.6106150150,1
1,14.0468195415,0
2,9.8117444515,1
1,19.4945096970,1
1,18.5484702587,1
1,11.8848256456,0
2,6.9921381959,0
3,4.9760348797,1
1,18.4102020264,1
1,18.7714040279,1
1,18.5854260921,1
1,18.4794516563,1
1,18.3915524483,1
1,14.4200041308,0
2,9.7454409599,1
1,10.1635669219,0
2,17.7316417694,1
1,16.7584512234,1
1,12.1215654083,0
2,11.5845386982,1
1,17.1450175902,0
1,18.7631514072,1
1,18.7447257042,1
1,18.9208273888,1
1,9.5718243005,0
2,3.9843222978,0
3,22.8767452069,0
4,7.7278986139,0
5,3.4402889668,0
6,17.0440254999,0
1,15.6193212030,0
2,5.2913806865,0
3,14.6294599976,0
4,15.0943615437,1
1,18.3679211140,1
1,17.7807948589,1
1,18.6440770626,1
1,7.2419180036,0
2,5.6327397331,0
3,24.4539084435,1
1,20.1765003204,1
1,12.5104617720,0
2,11.3010849953,1
1,18.6849796772,1
1,18.6549990177,1
1,18.4851086140,1
1,14.1678802285,0
2,0.0844032400,0
3,22.7049915791,1
1,15.1792684227,0
2,10.6406235695,1
1,20.9330963222,0
2,3.6266083717,1
1,17.0927088261,1
1,18.7837493420,1
1,17.9289379120,1
1,13.8368087537,0
2,5.6612235113,0
3,21.2146496773,1
1,12.1983383153,0
2,4.9394067174,0
3,21.2847039700,1
1,8.0772972829,0
2,16.5534760952,1
1,20.0139548779,1
1,18.4049720764,1
1,16.1976654783,0
2,11.6423006058,1
1,14.2504398256,0
2,0.5178464751,0
3,6.6485018409,0
4,26.9939568043,1
1,15.7484398658,0
2,8.7423641682,1
1,19.3914327621,1
1,19.0742475986,1
1,18.9733979702,1
1,13.1781084778,0
2,10.8641209602,1
1,14.0092295448,0
2,3.2785216677,0
3,5.9623604962,0
4,25.0179026127,1
1,22.1303336620,1
1,11.4160776448,0
2,0.4509323086,0
3,26.3479664326,1
1,5.5361731783,0
2,18.6022839546,1
1,19.0483560562,1
1,18.7351419926,1
1,18.7008941174,1
1,18.5202076435,1
1,18.7003061771,1
1,13.0033249019,0
2,11.4383511543,1
1,17.4577440300,0
1,20.2478492182,0
1,18.9086156473,0
1,18.7448278050,0
1,17.5786671638,1
1,18.5404121876,1
1,18.5533518791,1
1,18.7061283588,1
1,18.7922644615,1
1,14.1380468481,0
2,7.8162845888,0
3,18.5737745762,1
1,18.2126061916,1
1,15.1245594380,0
2,5.5738163962,0
3,8.5413566994,0
4,15.7867386228,0
5,18.8983710381,0
6,12.1539688110,1
1,10.1962236074,0
2,13.8441166878,1
1,18.5786104202,1
1,16.2178578303,0
2,7.9307935238,1
1,18.7418246269,1
1,1.5772391265,0
2,22.3654210567,1
1,16.3229265713,0
2,7.9553718567,1
1,8.6727344426,0
2,7.4642721613,0
3,24.3057889938,1
1,13.6866165181,0
2,10.6666002274,1
1,18.5161049366,1
1,17.4443203302,0
1,18.9475457668,1
1,18.0292303175,0
1,10.4052030501,0
2,13.6503424644,1
1,11.0962931454,0
2,1.7046683452,0
3,24.5711789131,1
1,18.6743073463,1
1,17.7520207904,0
1,12.6161727527,0
2,0.1031375838,0
3,15.7327624344,0
4,15.9309382885,0
5,31.0550608635,1
1,20.3952434063,1
1,18.6127123833,1
1,18.9636483192,1
1,10.3985026433,0
2,13.7723829746,1
1,18.7994935513,1
1,14.9608206945,0
2,14.4305548668,1
1,17.5992708206,1
1,17.7609052026,0
2,6.3485550417,0
3,12.1590399457,0
4,23.4819453273,0
5,15.6997354031,1
1,18.6690874100,1
1,17.5226379409,0
2,6.4298000336,1
1,11.9579860483,0
2,2.6184638617,0
3,21.2236368656,1
1,23.5708483256,0
2,18.0746405125,1
1,21.7883119583,1
1,18.2778167725,1
1,17.5590772501,0
1,14.6950792565,0
2,7.8338146506,0
3,16.6585671902,1
1,18.9815540314,1
1,18.6303312778,1
1,16.6802781526,0
2,4.5525205764,0
3,6.5649711037,0
4,18.9870741527,0
5,10.9011547499,0
6,13.8013105777,0
